{
  "num_positions": 11,
  "position_centers": [
    [
      198.07196044921875,
      537.6834716796875
    ],
    [
      380.1159362792969,
      547.19482421875
    ],
    [
      626.6448364257812,
      523.3344116210938
    ],
    [
      884.8294067382812,
      503.8204345703125
    ],
    [
      1072.72265625,
      475.69439697265625
    ],
    [
      0,
      0
    ],
    [
      347.9911193847656,
      363.446533203125
    ],
    [
      517.820068359375,
      374.0926208496094
    ],
    [
      699.4888916015625,
      353.2669677734375
    ],
    [
      871.7718505859375,
      332.6620178222656
    ],
    [
      1031.33935546875,
      330.22576904296875
    ]
  ],
  "is_calibrated": true
}